{
  "n_episodes": 1,
  "final_pnl_cents": {
    "mean": -3218.0,
    "std": 0.0,
    "min": -3218.0,
    "max": -3218.0
  },
  "total_reward": {
    "mean": -0.8251282051282042,
    "std": 0.0,
    "min": -0.8251282051282042,
    "max": -0.8251282051282042
  },
  "episode_length": {
    "mean": 386.0,
    "std": 0.0,
    "min": 386.0,
    "max": 386.0
  },
  "max_drawdown": {
    "mean": 0.00336,
    "std": 0.0,
    "min": 0.00336,
    "max": 0.00336
  },
  "win_rate": 0.0,
  "sharpe": 0.0,
  "action_pct": {
    "BUY": 0.32124352331606215,
    "HOLD": 0.3601036269430052,
    "SELL": 0.31865284974093266
  },
  "eval_wall_time_sec": 34.386828899383545
}