{
  "EXCHANGE": {
    "summary": {
      "n_episodes": 1,
      "total_reward": {
        "mean": 0.0,
        "std": 0.0,
        "min": 0.0,
        "max": 0.0,
        "p5": 0.0,
        "p25": 0.0,
        "p50": 0.0,
        "p75": 0.0,
        "p95": 0.0
      },
      "final_pnl_cents": {
        "mean": 0.0,
        "std": 0.0,
        "min": 0.0,
        "max": 0.0,
        "p5": 0.0,
        "p25": 0.0,
        "p50": 0.0,
        "p75": 0.0,
        "p95": 0.0
      },
      "episode_length": {
        "mean": 386.0,
        "std": 0.0,
        "min": 386.0,
        "max": 386.0,
        "p5": 386.0,
        "p25": 386.0,
        "p50": 386.0,
        "p75": 386.0,
        "p95": 386.0
      },
      "max_drawdown": {
        "mean": 0.0,
        "std": 0.0,
        "min": 0.0,
        "max": 0.0,
        "p5": 0.0,
        "p25": 0.0,
        "p50": 0.0,
        "p75": 0.0,
        "p95": 0.0
      },
      "transaction_cost": {
        "mean": 0.0,
        "std": 0.0,
        "min": 0.0,
        "max": 0.0,
        "p5": 0.0,
        "p25": 0.0,
        "p50": 0.0,
        "p75": 0.0,
        "p95": 0.0
      },
      "sharpe": 0.0,
      "win_rate": 1.0,
      "action_pct": {
        "BUY": 0.0,
        "HOLD": 1.0,
        "SELL": 0.0
      }
    },
    "episodes": [
      {
        "seed": 0,
        "total_reward": 0.0,
        "final_m2m": 1000000.0,
        "final_pnl": 0.0,
        "episode_length": 386,
        "max_drawdown": 0.0,
        "transaction_cost": 0.0,
        "won": true,
        "action_counts": {
          "BUY": 0,
          "HOLD": 386,
          "SELL": 0
        }
      }
    ]
  },
  "NOISE": {
    "summary": {
      "n_episodes": 1,
      "total_reward": {
        "mean": 10.586923076923082,
        "std": 0.0,
        "min": 10.586923076923082,
        "max": 10.586923076923082,
        "p5": 10.586923076923082,
        "p25": 10.586923076923082,
        "p50": 10.586923076923082,
        "p75": 10.586923076923082,
        "p95": 10.586923076923082
      },
      "final_pnl_cents": {
        "mean": 41289.0,
        "std": 0.0,
        "min": 41289.0,
        "max": 41289.0,
        "p5": 41289.0,
        "p25": 41289.0,
        "p50": 41289.0,
        "p75": 41289.0,
        "p95": 41289.0
      },
      "episode_length": {
        "mean": 386.0,
        "std": 0.0,
        "min": 386.0,
        "max": 386.0,
        "p5": 386.0,
        "p25": 386.0,
        "p50": 386.0,
        "p75": 386.0,
        "p95": 386.0
      },
      "max_drawdown": {
        "mean": 0.01728634295634182,
        "std": 0.0,
        "min": 0.01728634295634182,
        "max": 0.01728634295634182,
        "p5": 0.01728634295634182,
        "p25": 0.01728634295634182,
        "p50": 0.01728634295634182,
        "p75": 0.01728634295634182,
        "p95": 0.01728634295634182
      },
      "transaction_cost": {
        "mean": 156.5,
        "std": 0.0,
        "min": 156.5,
        "max": 156.5,
        "p5": 156.5,
        "p25": 156.5,
        "p50": 156.5,
        "p75": 156.5,
        "p95": 156.5
      },
      "sharpe": 0.0,
      "win_rate": 1.0,
      "action_pct": {
        "BUY": 0.3135,
        "HOLD": 0.4067,
        "SELL": 0.2798
      }
    },
    "episodes": [
      {
        "seed": 0,
        "total_reward": 10.586923076923082,
        "final_m2m": 1041289.0,
        "final_pnl": 41289.0,
        "episode_length": 386,
        "max_drawdown": 0.01728634295634182,
        "transaction_cost": 156.5,
        "won": true,
        "action_counts": {
          "BUY": 121,
          "HOLD": 157,
          "SELL": 108
        }
      }
    ]
  },
  "MARKET_MAKER": {
    "summary": {
      "n_episodes": 1,
      "total_reward": {
        "mean": -22.240769230769246,
        "std": 0.0,
        "min": -22.240769230769246,
        "max": -22.240769230769246,
        "p5": -22.240769230769246,
        "p25": -22.240769230769246,
        "p50": -22.240769230769246,
        "p75": -22.240769230769246,
        "p95": -22.240769230769246
      },
      "final_pnl_cents": {
        "mean": -45450.0,
        "std": 0.0,
        "min": -45450.0,
        "max": -45450.0,
        "p5": -45450.0,
        "p25": -45450.0,
        "p50": -45450.0,
        "p75": -45450.0,
        "p95": -45450.0
      },
      "episode_length": {
        "mean": 386.0,
        "std": 0.0,
        "min": 386.0,
        "max": 386.0,
        "p5": 386.0,
        "p25": 386.0,
        "p50": 386.0,
        "p75": 386.0,
        "p95": 386.0
      },
      "max_drawdown": {
        "mean": 0.046865404873762465,
        "std": 0.0,
        "min": 0.046865404873762465,
        "max": 0.046865404873762465,
        "p5": 0.046865404873762465,
        "p25": 0.046865404873762465,
        "p50": 0.046865404873762465,
        "p75": 0.046865404873762465,
        "p95": 0.046865404873762465
      },
      "transaction_cost": {
        "mean": 215.5,
        "std": 0.0,
        "min": 215.5,
        "max": 215.5,
        "p5": 215.5,
        "p25": 215.5,
        "p50": 215.5,
        "p75": 215.5,
        "p95": 215.5
      },
      "sharpe": 0.0,
      "win_rate": 0.0,
      "action_pct": {
        "BUY": 0.3653,
        "HOLD": 0.2565,
        "SELL": 0.3782
      }
    },
    "episodes": [
      {
        "seed": 0,
        "total_reward": -22.240769230769246,
        "final_m2m": 954550.0,
        "final_pnl": -45450.0,
        "episode_length": 386,
        "max_drawdown": 0.046865404873762465,
        "transaction_cost": 215.5,
        "won": false,
        "action_counts": {
          "BUY": 141,
          "HOLD": 99,
          "SELL": 146
        }
      }
    ]
  },
  "MOMENTUM": {
    "summary": {
      "n_episodes": 1,
      "total_reward": {
        "mean": 19.410512820512825,
        "std": 0.0,
        "min": 19.410512820512825,
        "max": 19.410512820512825,
        "p5": 19.410512820512825,
        "p25": 19.410512820512825,
        "p50": 19.410512820512825,
        "p75": 19.410512820512825,
        "p95": 19.410512820512825
      },
      "final_pnl_cents": {
        "mean": 30251.0,
        "std": 0.0,
        "min": 30251.0,
        "max": 30251.0,
        "p5": 30251.0,
        "p25": 30251.0,
        "p50": 30251.0,
        "p75": 30251.0,
        "p95": 30251.0
      },
      "episode_length": {
        "mean": 386.0,
        "std": 0.0,
        "min": 386.0,
        "max": 386.0,
        "p5": 386.0,
        "p25": 386.0,
        "p50": 386.0,
        "p75": 386.0,
        "p95": 386.0
      },
      "max_drawdown": {
        "mean": 0.010515822694945179,
        "std": 0.0,
        "min": 0.010515822694945179,
        "max": 0.010515822694945179,
        "p5": 0.010515822694945179,
        "p25": 0.010515822694945179,
        "p50": 0.010515822694945179,
        "p75": 0.010515822694945179,
        "p95": 0.010515822694945179
      },
      "transaction_cost": {
        "mean": 144.0,
        "std": 0.0,
        "min": 144.0,
        "max": 144.0,
        "p5": 144.0,
        "p25": 144.0,
        "p50": 144.0,
        "p75": 144.0,
        "p95": 144.0
      },
      "sharpe": 0.0,
      "win_rate": 1.0,
      "action_pct": {
        "BUY": 0.2487,
        "HOLD": 0.5207,
        "SELL": 0.2306
      }
    },
    "episodes": [
      {
        "seed": 0,
        "total_reward": 19.410512820512825,
        "final_m2m": 1030251.0,
        "final_pnl": 30251.0,
        "episode_length": 386,
        "max_drawdown": 0.010515822694945179,
        "transaction_cost": 144.0,
        "won": true,
        "action_counts": {
          "BUY": 96,
          "HOLD": 201,
          "SELL": 89
        }
      }
    ]
  },
  "VALUE": {
    "summary": {
      "n_episodes": 1,
      "total_reward": {
        "mean": -15.887948717948719,
        "std": 0.0,
        "min": -15.887948717948719,
        "max": -15.887948717948719,
        "p5": -15.887948717948719,
        "p25": -15.887948717948719,
        "p50": -15.887948717948719,