{
  "HOLD": {
    "summary": {
      "n_episodes": 1,
      "total_reward": {
        "mean": 0.0,
        "std": 0.0,
        "min": 0.0,
        "max": 0.0,
        "p5": 0.0,
        "p25": 0.0,
        "p50": 0.0,
        "p75": 0.0,
        "p95": 0.0
      },
      "final_pnl_cents": {
        "mean": 0.0,
        "std": 0.0,
        "min": 0.0,
        "max": 0.0,
        "p5": 0.0,
        "p25": 0.0,
        "p50": 0.0,
        "p75": 0.0,
        "p95": 0.0
      },
      "episode_length": {
        "mean": 387.0,
        "std": 0.0,
        "min": 387.0,
        "max": 387.0,
        "p5": 387.0,
        "p25": 387.0,
        "p50": 387.0,
        "p75": 387.0,
        "p95": 387.0
      },
      "max_drawdown": {
        "mean": 0.0,
        "std": 0.0,
        "min": 0.0,
        "max": 0.0,
        "p5": 0.0,
        "p25": 0.0,
        "p50": 0.0,
        "p75": 0.0,
        "p95": 0.0
      },
      "transaction_cost": {
        "mean": 0.0,
        "std": 0.0,
        "min": 0.0,
        "max": 0.0,
        "p5": 0.0,
        "p25": 0.0,
        "p50": 0.0,
        "p75": 0.0,
        "p95": 0.0
      },
      "sharpe": 0.0,
      "win_rate": 1.0,
      "action_pct": {
        "BUY": 0.0,
        "HOLD": 1.0,
        "SELL": 0.0
      }
    },
    "episodes": [
      {
        "seed": 0,
        "total_reward": 0.0,
        "final_m2m": 1000000.0,
        "final_pnl": 0.0,
        "episode_length": 387,
        "max_drawdown": 0.0,
        "transaction_cost": 0.0,
        "won": true,
        "action_counts": {
          "BUY": 0,
          "HOLD": 387,
          "SELL": 0
        }
      }
    ]
  },
  "BUY_HOLD": {
    "summary": {
      "n_episodes": 1,
      "total_reward": {
        "mean": -1.3076923076923046,
        "std": 0.0,
        "min": -1.3076923076923046,
        "max": -1.3076923076923046,
        "p5": -1.3076923076923046,
        "p25": -1.3076923076923046,
        "p50": -1.3076923076923046,
        "p75": -1.3076923076923046,
        "p95": -1.3076923076923046
      },
      "final_pnl_cents": {
        "mean": -5100.0,
        "std": 0.0,
        "min": -5100.0,
        "max": -5100.0,
        "p5": -5100.0,
        "p25": -5100.0,
        "p50": -5100.0,
        "p75": -5100.0,
        "p95": -5100.0
      },
      "episode_length": {
        "mean": 387.0,
        "std": 0.0,
        "min": 387.0,
        "max": 387.0,
        "p5": 387.0,
        "p25": 387.0,
        "p50": 387.0,
        "p75": 387.0,
        "p95": 387.0
      },
      "max_drawdown": {
        "mean": 0.06267394716821233,
        "std": 0.0,
        "min": 0.06267394716821233,
        "max": 0.06267394716821233,
        "p5": 0.06267394716821233,
        "p25": 0.06267394716821233,
        "p50": 0.06267394716821233,
        "p75": 0.06267394716821233,
        "p95": 0.06267394716821233
      },
      "transaction_cost": {
        "mean": 0.5,
        "std": 0.0,
        "min": 0.5,
        "max": 0.5,
        "p5": 0.5,
        "p25": 0.5,
        "p50": 0.5,
        "p75": 0.5,
        "p95": 0.5
      },
      "sharpe": 0.0,
      "win_rate": 0.0,
      "action_pct": {
        "BUY": 0.0026,
        "HOLD": 0.9974,
        "SELL": 0.0
      }
    },
    "episodes": [
      {
        "seed": 0,
        "total_reward": -1.3076923076923046,
        "final_m2m": 994900.0,
        "final_pnl": -5100.0,
        "episode_length": 387,
        "max_drawdown": 0.06267394716821233,
        "transaction_cost": 0.5,
        "won": false,
        "action_counts": {
          "BUY": 1,
          "HOLD": 386,
          "SELL": 0
        }
      }
    ]
  },
  "RANDOM": {
    "summary": {
      "n_episodes": 1,
      "total_reward": {
        "mean": 76.11641025641023,
        "std": 0.0,
        "min": 76.11641025641023,
        "max": 76.11641025641023,
        "p5": 76.11641025641023,
        "p25": 76.11641025641023,
        "p50": 76.11641025641023,
        "p75": 76.11641025641023,
        "p95": 76.11641025641023
      },
      "final_pnl_cents": {
        "mean": 291754.0,
        "std": 0.0,
        "min": 291754.0,
        "max": 291754.0,
        "p5": 291754.0,
        "p25": 291754.0,
        "p50": 291754.0,
        "p75": 291754.0,
        "p95": 291754.0
      },
      "episode_length": {
        "mean": 387.0,
        "std": 0.0,
        "min": 387.0,
        "max": 387.0,
        "p5": 387.0,
        "p25": 387.0,
        "p50": 387.0,
        "p75": 387.0,
        "p95": 387.0
      },
      "max_drawdown": {
        "mean": 0.3340243709053533,
        "std": 0.0,
        "min": 0.3340243709053533,
        "max": 0.3340243709053533,
        "p5": 0.3340243709053533,
        "p25": 0.3340243709053533,
        "p50": 0.3340243709053533,
        "p75": 0.3340243709053533,
        "p95": 0.3340243709053533
      },
      "transaction_cost": {
        "mean": 311.5,
        "std": 0.0,
        "min": 311.5,
        "max": 311.5,
        "p5": 311.5,
        "p25": 311.5,
        "p50": 311.5,
        "p75": 311.5,
        "p95": 311.5
      },
      "sharpe": 0.0,
      "win_rate": 1.0,
      "action_pct": {
        "BUY": 0.354,
        "HOLD": 0.3359,
        "SELL": 0.3101
      }
    },
    "episodes": [
      {
        "seed": 0,
        "total_reward": 76.11641025641023,
        "final_m2m": 1291754.0,
        "final_pnl": 291754.0,
        "episode_length": 387,
        "max_drawdown": 0.3340243709053533,
        "transaction_cost": 311.5,
        "won": true,
        "action_counts": {
          "BUY": 137,
          "HOLD": 130,
          "SELL": 120
        }
      }
    ]
  },
  "MOMENTUM": {
    "summary": {
      "n_episodes": 1,
      "total_reward": {
        "mean": -304.6894871794872,
        "std": 0.0,
        "min": -304.6894871794872,
        "max": -304.6894871794872,
        "p5": -304.6894871794872,
        "p25": -304.6894871794872,
        "p50": -304.6894871794872,
        "p75": -304.6894871794872,
        "p95": -304.6894871794872
      },
      "final_pnl_cents": {
        "mean": -896535.0,
        "std": 0.0,
        "min": -896535.0,
        "max": -896535.0,
        "p5": -896535.0,
        "p25": -896535.0,
        "p50": -896535.0,
        "p75": -896535.0,
        "p95": -896535.0
      },
      "episode_length": {
        "mean": 354.0,
        "std": 0.0,
        "min": 354.0,
        "max": 354.0,
        "p5": 354.0,
        "p25": 354.0,
        "p50": 354.0,
        "p75": 354.0,
        "p95": 354.0
      },
      "max_drawdown": {
        "mean": 0.9450643097743211,
        "std": 0.0,
        "min": 0.9450643097743211,
        "max": 0.9450643097743211,
        "p5": 0.9450643097743211,
        "p25": 0.9450643097743211,
        "p50": 0.9450643097743211,
        "p75": 0.9450643097743211,
        "p95": 0.9450643097743211
      },
      "transaction_cost": {
        "mean": 318.0,
        "std": 0.0,
        "min": 318.0,
        "max": 318.0,
        "p5": 318.0,
        "p25": 318.0,
        "p50": 318.0,
        "p75": 318.0,
        "p95": 318.0
      },
      "sharpe": 0.0,
      "win_rate": 0.0,
      "action_pct": {
        "BUY": 0.2825,
        "HOLD": 0.322,
        "SELL": 0.3955
      }
    },
    "episodes": [
      {
        "seed": 0,
        "total_reward": -304.6894871794872,
        "final_m2m": 103465.0,
        "final_pnl": -896535.0,
        "episode_length": 354,
        "max_drawdown": 0.9450643097743211,
        "transaction_cost": 318.0,
        "won": false,
        "action_counts": {
          "BUY": 100,
          "HOLD": 114,
          "SELL": 140
        }
      }
    ]
  },
  "MR": {
    "summary": {
      "n_episodes": 1,
      "total_reward": {
        "mean": 294.82358974358965,
        "std": 0.0,
        "min": 294.82358974358965,
        "max": 294.82358974358965,
        "p5": 294.82358974358965,
        "p25": 294.82358974358965,
        "p50": 294.82358974358965,
        "p75": 294.82358974358965,
        "p95": 294.82358974358965
      },