{
  "n_episodes": 1,
  "final_pnl_cents": {
    "mean": -6298.0,
    "std": 0.0,
    "min": -6298.0,
    "max": -6298.0
  },
  "total_reward": {
    "mean": -1.6148717948717946,
    "std": 0.0,
    "min": -1.6148717948717946,
    "max": -1.6148717948717946
  },
  "episode_length": {
    "mean": 386.0,
    "std": 0.0,
    "min": 386.0,
    "max": 386.0
  },
  "max_drawdown": {
    "mean": 0.006657933420665793,
    "std": 0.0,
    "min": 0.006657933420665793,
    "max": 0.006657933420665793
  },
  "win_rate": 0.0,
  "sharpe": 0.0,
  "action_pct": {
    "BUY": 0.33419689119170987,
    "HOLD": 0.3316062176165803,
    "SELL": 0.33419689119170987
  },
  "eval_wall_time_sec": 34.40759468078613
}