{
  "timesteps": 200,
  "timestep_duration": "60s",
  "wall_time_sec": 3.252958059310913,
  "env_steps_per_sec": 61.482501880877855,
  "train_iterations": 1,
  "train_iterations_per_hour": 1106.6850338558015,
  "eval_wall_time_sec": 34.40759468078613
}