{
  "n_episodes": 1,
  "final_pnl_cents": {
    "mean": -3628.0,
    "std": 0.0,
    "min": -3628.0,
    "max": -3628.0
  },
  "total_reward": {
    "mean": -0.9302564102564091,
    "std": 0.0,
    "min": -0.9302564102564091,
    "max": -0.9302564102564091
  },
  "episode_length": {
    "mean": 386.0,
    "std": 0.0,
    "min": 386.0,
    "max": 386.0
  },
  "max_drawdown": {
    "mean": 0.003628,
    "std": 0.0,
    "min": 0.003628,
    "max": 0.003628
  },
  "win_rate": 0.0,
  "sharpe": 0.0,
  "action_pct": {
    "BUY": 0.3238341968911917,
    "HOLD": 0.3549222797927461,
    "SELL": 0.32124352331606215
  },
  "eval_wall_time_sec": 33.32945418357849
}