{
  "n_episodes": 1,
  "final_pnl_cents": {
    "mean": -3501.0,
    "std": 0.0,
    "min": -3501.0,
    "max": -3501.0
  },
  "total_reward": {
    "mean": -0.8976923076923069,
    "std": 0.0,
    "min": -0.8976923076923069,
    "max": -0.8976923076923069
  },
  "episode_length": {
    "mean": 386.0,
    "std": 0.0,
    "min": 386.0,
    "max": 386.0
  },
  "max_drawdown": {
    "mean": 0.004996,
    "std": 0.0,
    "min": 0.004996,
    "max": 0.004996
  },
  "win_rate": 0.0,
  "sharpe": 0.0,
  "action_pct": {
    "BUY": 0.34196891191709844,
    "HOLD": 0.31865284974093266,
    "SELL": 0.3393782383419689
  },
  "eval_wall_time_sec": 33.47472095489502
}