{
  "timesteps": 200,
  "timestep_duration": "60s",
  "wall_time_sec": 20.266437292099,
  "env_steps_per_sec": 9.868532742948918,
  "train_iterations": 1,
  "train_iterations_per_hour": 177.63358937308055,
  "eval_wall_time_sec": 34.10576105117798
}