{
  "n_episodes": 1,
  "final_pnl_cents": {
    "mean": -5654.0,
    "std": 0.0,
    "min": -5654.0,
    "max": -5654.0
  },
  "total_reward": {
    "mean": -1.4497435897435895,
    "std": 0.0,
    "min": -1.4497435897435895,
    "max": -1.4497435897435895
  },
  "episode_length": {
    "mean": 386.0,
    "std": 0.0,
    "min": 386.0,
    "max": 386.0
  },
  "max_drawdown": {
    "mean": 0.005654,
    "std": 0.0,
    "min": 0.005654,
    "max": 0.005654
  },
  "win_rate": 0.0,
  "sharpe": 0.0,
  "action_pct": {
    "BUY": 0.32642487046632124,
    "HOLD": 0.3471502590673575,
    "SELL": 0.32642487046632124
  },
  "eval_wall_time_sec": 33.380037784576416
}