{
  "n_episodes": 1,
  "final_pnl_cents": {
    "mean": -5974.0,
    "std": 0.0,
    "min": -5974.0,
    "max": -5974.0
  },
  "total_reward": {
    "mean": -1.5317948717948717,
    "std": 0.0,
    "min": -1.5317948717948717,
    "max": -1.5317948717948717
  },
  "episode_length": {
    "mean": 386.0,
    "std": 0.0,
    "min": 386.0,
    "max": 386.0
  },
  "max_drawdown": {
    "mean": 0.006053939460605394,
    "std": 0.0,
    "min": 0.006053939460605394,
    "max": 0.006053939460605394
  },
  "win_rate": 0.0,
  "sharpe": 0.0,
  "action_pct": {
    "BUY": 0.31865284974093266,
    "HOLD": 0.3626943005181347,
    "SELL": 0.31865284974093266
  },
  "eval_wall_time_sec": 33.80487823486328
}