{
  "n_episodes": 1,
  "final_pnl_cents": {
    "mean": -4692.0,
    "std": 0.0,
    "min": -4692.0,
    "max": -4692.0
  },
  "total_reward": {
    "mean": -1.203076923076923,
    "std": 0.0,
    "min": -1.203076923076923,
    "max": -1.203076923076923
  },
  "episode_length": {
    "mean": 386.0,
    "std": 0.0,
    "min": 386.0,
    "max": 386.0
  },
  "max_drawdown": {
    "mean": 0.004692,
    "std": 0.0,
    "min": 0.004692,
    "max": 0.004692
  },
  "win_rate": 0.0,
  "sharpe": 0.0,
  "action_pct": {
    "BUY": 0.3316062176165803,
    "HOLD": 0.3393782383419689,
    "SELL": 0.3290155440414508
  },
  "eval_wall_time_sec": 32.86233711242676
}