{
  "n_episodes": 2,
  "final_pnl_cents": {
    "mean": -5864.5,
    "std": 2259.5,
    "min": -8124.0,
    "max": -3605.0
  },
  "total_reward": {
    "mean": -7.518589743589741,
    "std": 2.8967948717948704,
    "min": -10.415384615384612,
    "max": -4.621794871794871
  },
  "episode_length": {
    "mean": 78.0,
    "std": 0.0,
    "min": 78.0,
    "max": 78.0
  },
  "max_drawdown": {
    "mean": 0.0064779171412191975,
    "std": 0.0018146731184366612,
    "min": 0.004663244022782536,
    "max": 0.008292590259655858
  },
  "win_rate": 0.0,
  "sharpe": -2.595485726930737,
  "action_pct": {
    "BUY": 0.3525641025641026,
    "HOLD": 0.3141025641025641,
    "SELL": 0.3333333333333333
  },
  "eval_wall_time_sec": 55.300944566726685
}