{
  "summary": {
    "timesteps_total": 200,
    "train_iterations": 1,
    "wall_time_sec": 78.52967691421509,
    "env_steps_per_sec": 2.546807880267707,
    "train_iterations_per_hour": 45.842541844818726
  },
  "iterations": [
    {
      "iteration": 1,
      "timesteps_total": 200,
      "episode_reward_mean": -11.619230769230768,
      "training_iteration": 1,
      "iter_wall_time_sec": 77.57647252082825
    }
  ]
}