{
  "n_episodes": 1,
  "final_pnl_cents": {
    "mean": -5361.0,
    "std": 0.0,
    "min": -5361.0,
    "max": -5361.0
  },
  "total_reward": {
    "mean": -1.3746153846153844,
    "std": 0.0,
    "min": -1.3746153846153844,
    "max": -1.3746153846153844
  },
  "episode_length": {
    "mean": 386.0,
    "std": 0.0,
    "min": 386.0,
    "max": 386.0
  },
  "max_drawdown": {
    "mean": 0.005963940360596394,
    "std": 0.0,
    "min": 0.005963940360596394,
    "max": 0.005963940360596394
  },
  "win_rate": 0.0,
  "sharpe": 0.0,
  "action_pct": {
    "BUY": 0.33419689119170987,
    "HOLD": 0.33419689119170987,
    "SELL": 0.3316062176165803
  },
  "eval_wall_time_sec": 32.96972990036011
}