{
  "n_episodes": 1,
  "final_pnl_cents": {
    "mean": -6418.0,
    "std": 0.0,
    "min": -6418.0,
    "max": -6418.0
  },
  "total_reward": {
    "mean": -1.645641025641025,
    "std": 0.0,
    "min": -1.645641025641025,
    "max": -1.645641025641025
  },
  "episode_length": {
    "mean": 386.0,
    "std": 0.0,
    "min": 386.0,
    "max": 386.0
  },
  "max_drawdown": {
    "mean": 0.00649164945092965,
    "std": 0.0,
    "min": 0.00649164945092965,
    "max": 0.00649164945092965
  },
  "win_rate": 0.0,
  "sharpe": 0.0,
  "action_pct": {
    "BUY": 0.31865284974093266,
    "HOLD": 0.3626943005181347,
    "SELL": 0.31865284974093266
  },
  "eval_wall_time_sec": 33.91916251182556
}